mnemonic,family,profile,funct6,funct3,vm_constraint,vs1_constraint,decode,execute,integration_test,spec_corner_test,notes
vadc.vim,Carry/borrow,Integer V extension,0x10,0x3,0,variable,yes,yes,,,
vadc.vvm,Carry/borrow,Integer V extension,0x10,0x0,0,variable,yes,yes,,,
vadc.vxm,Carry/borrow,Integer V extension,0x10,0x4,0,variable,yes,yes,,,
vmadc.vi,Carry/borrow,Integer V extension,0x11,0x3,1,variable,yes,yes,,,
vmadc.vim,Carry/borrow,Integer V extension,0x11,0x3,0,variable,yes,yes,,,
vmadc.vv,Carry/borrow,Integer V extension,0x11,0x0,1,variable,yes,yes,,,
vmadc.vvm,Carry/borrow,Integer V extension,0x11,0x0,0,variable,yes,yes,,,
vmadc.vx,Carry/borrow,Integer V extension,0x11,0x4,1,variable,yes,yes,,,
vmadc.vxm,Carry/borrow,Integer V extension,0x11,0x4,0,variable,yes,yes,,,
vmsbc.vv,Carry/borrow,Integer V extension,0x13,0x0,1,variable,yes,yes,,,
vmsbc.vvm,Carry/borrow,Integer V extension,0x13,0x0,0,variable,yes,yes,,,
vmsbc.vx,Carry/borrow,Integer V extension,0x13,0x4,1,variable,yes,yes,,,
vmsbc.vxm,Carry/borrow,Integer V extension,0x13,0x4,0,variable,yes,yes,,,
vsbc.vvm,Carry/borrow,Integer V extension,0x12,0x0,0,variable,yes,yes,,,
vsbc.vxm,Carry/borrow,Integer V extension,0x12,0x4,0,variable,yes,yes,,,
vfcvt.f.x.v,FP convert,FP32 F extension,0x12,0x1,variable,0x03,no,no,,,
vfcvt.f.xu.v,FP convert,FP32 F extension,0x12,0x1,variable,0x02,no,no,,,
vfcvt.rtz.x.f.v,FP convert,FP32 F extension,0x12,0x1,variable,0x07,no,no,,,
vfcvt.rtz.xu.f.v,FP convert,FP32 F extension,0x12,0x1,variable,0x06,no,no,,,
vfcvt.x.f.v,FP convert,FP32 F extension,0x12,0x1,variable,0x01,no,no,,,
vfcvt.xu.f.v,FP convert,FP32 F extension,0x12,0x1,variable,0x00,no,no,,,
vfncvt.f.f.w,FP convert,FP64 feature conditional,0x12,0x1,variable,0x14,no,no,,,
vfncvt.f.x.w,FP convert,FP64 feature conditional,0x12,0x1,variable,0x13,no,no,,,
vfncvt.f.xu.w,FP convert,FP64 feature conditional,0x12,0x1,variable,0x12,no,no,,,
vfncvt.rod.f.f.w,FP convert,FP64 feature conditional,0x12,0x1,variable,0x15,no,no,,,
vfncvt.rtz.x.f.w,FP convert,FP64 feature conditional,0x12,0x1,variable,0x17,no,no,,,
vfncvt.rtz.xu.f.w,FP convert,FP64 feature conditional,0x12,0x1,variable,0x16,no,no,,,
vfncvt.x.f.w,FP convert,FP64 feature conditional,0x12,0x1,variable,0x11,no,no,,,
vfncvt.xu.f.w,FP convert,FP64 feature conditional,0x12,0x1,variable,0x10,no,no,,,
vfwcvt.f.f.v,FP convert,FP64 feature conditional,0x12,0x1,variable,0x0C,no,no,,,
vfwcvt.f.x.v,FP convert,FP64 feature conditional,0x12,0x1,variable,0x0B,no,no,,,
vfwcvt.f.xu.v,FP convert,FP64 feature conditional,0x12,0x1,variable,0x0A,no,no,,,
vfwcvt.rtz.x.f.v,FP convert,FP64 feature conditional,0x12,0x1,variable,0x0F,no,no,,,
vfwcvt.rtz.xu.f.v,FP convert,FP64 feature conditional,0x12,0x1,variable,0x0E,no,no,,,
vfwcvt.x.f.v,FP convert,FP64 feature conditional,0x12,0x1,variable,0x09,no,no,,,
vfwcvt.xu.f.v,FP convert,FP64 feature conditional,0x12,0x1,variable,0x08,no,no,,,
vfadd.vf,FP element,FP32 F extension,0x00,0x5,variable,variable,no,no,,,
vfadd.vv,FP element,FP32 F extension,0x00,0x1,variable,variable,no,no,,,
vfclass.v,FP element,FP32 F extension,0x13,0x1,variable,0x10,yes,yes,tb_vcore_alu_top,"zero, infinity, sNaN, qNaN",
vfdiv.vf,FP element,FP32 F extension,0x20,0x5,variable,variable,no,no,,,
vfdiv.vv,FP element,FP32 F extension,0x20,0x1,variable,variable,no,no,,,
vfrdiv.vf,FP element,FP32 F extension,0x21,0x5,variable,variable,no,no,,,
vfrec7.v,FP element,FP32 F extension,0x13,0x1,variable,0x05,no,no,,,
vfrsqrt7.v,FP element,FP32 F extension,0x13,0x1,variable,0x04,no,no,,,
vfrsub.vf,FP element,FP32 F extension,0x27,0x5,variable,variable,no,no,,,
vfsgnj.vf,FP element,FP32 F extension,0x08,0x5,variable,variable,yes,yes,tb_vcore_alu_top,scalar FP32 sign bits,
vfsgnj.vv,FP element,FP32 F extension,0x08,0x1,variable,variable,yes,yes,,,
vfsgnjn.vf,FP element,FP32 F extension,0x09,0x5,variable,variable,yes,yes,,,
vfsgnjn.vv,FP element,FP32 F extension,0x09,0x1,variable,variable,yes,yes,,,
vfsgnjx.vf,FP element,FP32 F extension,0x0a,0x5,variable,variable,yes,yes,,,
vfsgnjx.vv,FP element,FP32 F extension,0x0a,0x1,variable,variable,yes,yes,,,
vfsqrt.v,FP element,FP32 F extension,0x13,0x1,variable,0x00,no,no,,,
vfsub.vf,FP element,FP32 F extension,0x02,0x5,variable,variable,no,no,,,
vfsub.vv,FP element,FP32 F extension,0x02,0x1,variable,variable,no,no,,,
vfwadd.vf,FP element,FP64 feature conditional,0x30,0x5,variable,variable,no,no,,,
vfwadd.vv,FP element,FP64 feature conditional,0x30,0x1,variable,variable,no,no,,,
vfwadd.wf,FP element,FP64 feature conditional,0x34,0x5,variable,variable,no,no,,,
vfwadd.wv,FP element,FP64 feature conditional,0x34,0x1,variable,variable,no,no,,,
vfwsub.vf,FP element,FP64 feature conditional,0x32,0x5,variable,variable,no,no,,,
vfwsub.vv,FP element,FP64 feature conditional,0x32,0x1,variable,variable,no,no,,,
vfwsub.wf,FP element,FP64 feature conditional,0x36,0x5,variable,variable,no,no,,,
vfwsub.wv,FP element,FP64 feature conditional,0x36,0x1,variable,variable,no,no,,,
vmfeq.vf,FP element,FP32 F extension,0x18,0x5,variable,variable,yes,yes,,,
vmfeq.vv,FP element,FP32 F extension,0x18,0x1,variable,variable,yes,yes,,,
vmfge.vf,FP element,FP32 F extension,0x1f,0x5,variable,variable,yes,yes,,,
vmfgt.vf,FP element,FP32 F extension,0x1d,0x5,variable,variable,yes,yes,,,
vmfle.vf,FP element,FP32 F extension,0x19,0x5,variable,variable,yes,yes,tb_vcore_alu_top,NaN invalid flag and mask result,
vmfle.vv,FP element,FP32 F extension,0x19,0x1,variable,variable,yes,yes,,,
vmflt.vf,FP element,FP32 F extension,0x1b,0x5,variable,variable,yes,yes,,,
vmflt.vv,FP element,FP32 F extension,0x1b,0x1,variable,variable,yes,yes,,,
vmfne.vf,FP element,FP32 F extension,0x1c,0x5,variable,variable,yes,yes,,,
vmfne.vv,FP element,FP32 F extension,0x1c,0x1,variable,variable,yes,yes,,,
vfmacc.vf,FP multiply/FMA,FP32 F extension,0x2c,0x5,variable,variable,no,no,,,
vfmacc.vv,FP multiply/FMA,FP32 F extension,0x2c,0x1,variable,variable,no,no,,,
vfmadd.vf,FP multiply/FMA,FP32 F extension,0x28,0x5,variable,variable,no,no,,,
vfmadd.vv,FP multiply/FMA,FP32 F extension,0x28,0x1,variable,variable,no,no,,,
vfmax.vf,FP multiply/FMA,FP32 F extension,0x06,0x5,variable,variable,yes,yes,,,
vfmax.vv,FP multiply/FMA,FP32 F extension,0x06,0x1,variable,variable,yes,yes,,,
vfmin.vf,FP multiply/FMA,FP32 F extension,0x04,0x5,variable,variable,yes,yes,,,
vfmin.vv,FP multiply/FMA,FP32 F extension,0x04,0x1,variable,variable,yes,yes,,,
vfmsac.vf,FP multiply/FMA,FP32 F extension,0x2e,0x5,variable,variable,no,no,,,
vfmsac.vv,FP multiply/FMA,FP32 F extension,0x2e,0x1,variable,variable,no,no,,,
vfmsub.vf,FP multiply/FMA,FP32 F extension,0x2a,0x5,variable,variable,no,no,,,
vfmsub.vv,FP multiply/FMA,FP32 F extension,0x2a,0x1,variable,variable,no,no,,,
vfmul.vf,FP multiply/FMA,FP32 F extension,0x24,0x5,variable,variable,no,no,,,
vfmul.vv,FP multiply/FMA,FP32 F extension,0x24,0x1,variable,variable,no,no,,,
vfnmacc.vf,FP multiply/FMA,FP32 F extension,0x2d,0x5,variable,variable,no,no,,,
vfnmacc.vv,FP multiply/FMA,FP32 F extension,0x2d,0x1,variable,variable,no,no,,,
vfnmadd.vf,FP multiply/FMA,FP32 F extension,0x29,0x5,variable,variable,no,no,,,
vfnmadd.vv,FP multiply/FMA,FP32 F extension,0x29,0x1,variable,variable,no,no,,,
vfnmsac.vf,FP multiply/FMA,FP32 F extension,0x2f,0x5,variable,variable,no,no,,,
vfnmsac.vv,FP multiply/FMA,FP32 F extension,0x2f,0x1,variable,variable,no,no,,,
vfnmsub.vf,FP multiply/FMA,FP32 F extension,0x2b,0x5,variable,variable,no,no,,,
vfnmsub.vv,FP multiply/FMA,FP32 F extension,0x2b,0x1,variable,variable,no,no,,,
vfwmacc.vf,FP multiply/FMA,FP64 feature conditional,0x3c,0x5,variable,variable,no,no,,,
vfwmacc.vv,FP multiply/FMA,FP64 feature conditional,0x3c,0x1,variable,variable,no,no,,,
vfwmsac.vf,FP multiply/FMA,FP64 feature conditional,0x3e,0x5,variable,variable,no,no,,,
vfwmsac.vv,FP multiply/FMA,FP64 feature conditional,0x3e,0x1,variable,variable,no,no,,,
vfwmul.vf,FP multiply/FMA,FP64 feature conditional,0x38,0x5,variable,variable,no,no,,,
vfwmul.vv,FP multiply/FMA,FP64 feature conditional,0x38,0x1,variable,variable,no,no,,,
vfwnmacc.vf,FP multiply/FMA,FP64 feature conditional,0x3d,0x5,variable,variable,no,no,,,
vfwnmacc.vv,FP multiply/FMA,FP64 feature conditional,0x3d,0x1,variable,variable,no,no,,,
vfwnmsac.vf,FP multiply/FMA,FP64 feature conditional,0x3f,0x5,variable,variable,no,no,,,
vfwnmsac.vv,FP multiply/FMA,FP64 feature conditional,0x3f,0x1,variable,variable,no,no,,,
vfredmax.vs,FP reduction,FP32 F extension,0x07,0x1,variable,variable,no,no,,,
vfredmin.vs,FP reduction,FP32 F extension,0x05,0x1,variable,variable,no,no,,,
vfredosum.vs,FP reduction,FP32 F extension,0x03,0x1,variable,variable,no,no,,,
vfredusum.vs,FP reduction,FP32 F extension,0x01,0x1,variable,variable,no,no,,,
vfwredosum.vs,FP reduction,FP64 feature conditional,0x33,0x1,variable,variable,no,no,,,
vfwredusum.vs,FP reduction,FP64 feature conditional,0x31,0x1,variable,variable,no,no,,,
vaadd.vv,Fixed point,Integer V extension,0x09,0x2,variable,variable,yes,yes,,,
vaadd.vx,Fixed point,Integer V extension,0x09,0x6,variable,variable,yes,yes,,,
vaaddu.vv,Fixed point,Integer V extension,0x08,0x2,variable,variable,yes,yes,,,
vaaddu.vx,Fixed point,Integer V extension,0x08,0x6,variable,variable,yes,yes,,,
vasub.vv,Fixed point,Integer V extension,0x0b,0x2,variable,variable,yes,yes,,,
vasub.vx,Fixed point,Integer V extension,0x0b,0x6,variable,variable,yes,yes,,,
vasubu.vv,Fixed point,Integer V extension,0x0a,0x2,variable,variable,yes,yes,,,
vasubu.vx,Fixed point,Integer V extension,0x0a,0x6,variable,variable,yes,yes,,,
vsadd.vi,Fixed point,Integer V extension,0x21,0x3,variable,variable,yes,yes,,,
vsadd.vv,Fixed point,Integer V extension,0x21,0x0,variable,variable,yes,yes,,,
vsadd.vx,Fixed point,Integer V extension,0x21,0x4,variable,variable,yes,yes,,,
vsaddu.vi,Fixed point,Integer V extension,0x20,0x3,variable,variable,yes,yes,,,
vsaddu.vv,Fixed point,Integer V extension,0x20,0x0,variable,variable,yes,yes,,,
vsaddu.vx,Fixed point,Integer V extension,0x20,0x4,variable,variable,yes,yes,,,
vsmul.vv,Fixed point,Integer V extension,0x27,0x0,variable,variable,yes,yes,,,
vsmul.vx,Fixed point,Integer V extension,0x27,0x4,variable,variable,yes,yes,,,
vssra.vi,Fixed point,Integer V extension,0x2b,0x3,variable,variable,yes,yes,,,
vssra.vv,Fixed point,Integer V extension,0x2b,0x0,variable,variable,yes,yes,,,
vssra.vx,Fixed point,Integer V extension,0x2b,0x4,variable,variable,yes,yes,,,
vssrl.vi,Fixed point,Integer V extension,0x2a,0x3,variable,variable,yes,yes,,,
vssrl.vv,Fixed point,Integer V extension,0x2a,0x0,variable,variable,yes,yes,,,
vssrl.vx,Fixed point,Integer V extension,0x2a,0x4,variable,variable,yes,yes,,,
vssub.vv,Fixed point,Integer V extension,0x23,0x0,variable,variable,yes,yes,,,
vssub.vx,Fixed point,Integer V extension,0x23,0x4,variable,variable,yes,yes,,,
vssubu.vv,Fixed point,Integer V extension,0x22,0x0,variable,variable,yes,yes,,,
vssubu.vx,Fixed point,Integer V extension,0x22,0x4,variable,variable,yes,yes,,,
vdiv.vv,Integer divide,Integer V extension,0x21,0x2,variable,variable,yes,yes,,,
vdiv.vx,Integer divide,Integer V extension,0x21,0x6,variable,variable,yes,yes,,,
vdivu.vv,Integer divide,Integer V extension,0x20,0x2,variable,variable,yes,yes,,,
vdivu.vx,Integer divide,Integer V extension,0x20,0x6,variable,variable,yes,yes,tb_vcore_alu_top,"masked lanes, divide by 2",
vrem.vv,Integer divide,Integer V extension,0x23,0x2,variable,variable,yes,yes,,,
vrem.vx,Integer divide,Integer V extension,0x23,0x6,variable,variable,yes,yes,,,
vremu.vv,Integer divide,Integer V extension,0x22,0x2,variable,variable,yes,yes,,,
vremu.vx,Integer divide,Integer V extension,0x22,0x6,variable,variable,yes,yes,,,
vadd.vi,Integer element,Integer V extension,0x00,0x3,variable,variable,yes,yes,,,
vadd.vv,Integer element,Integer V extension,0x00,0x0,variable,variable,yes,yes,tb_vcore_alu_top,,
vadd.vx,Integer element,Integer V extension,0x00,0x4,variable,variable,yes,yes,,,
vand.vi,Integer element,Integer V extension,0x09,0x3,variable,variable,yes,yes,,,
vand.vv,Integer element,Integer V extension,0x09,0x0,variable,variable,yes,yes,,,
vand.vx,Integer element,Integer V extension,0x09,0x4,variable,variable,yes,yes,,,
vmax.vv,Integer element,Integer V extension,0x07,0x0,variable,variable,yes,yes,,,
vmax.vx,Integer element,Integer V extension,0x07,0x4,variable,variable,yes,yes,,,
vmaxu.vv,Integer element,Integer V extension,0x06,0x0,variable,variable,yes,yes,,,
vmaxu.vx,Integer element,Integer V extension,0x06,0x4,variable,variable,yes,yes,,,
vmin.vv,Integer element,Integer V extension,0x05,0x0,variable,variable,yes,yes,,,
vmin.vx,Integer element,Integer V extension,0x05,0x4,variable,variable,yes,yes,,,
vminu.vv,Integer element,Integer V extension,0x04,0x0,variable,variable,yes,yes,,,
vminu.vx,Integer element,Integer V extension,0x04,0x4,variable,variable,yes,yes,,,
vmseq.vi,Integer element,Integer V extension,0x18,0x3,variable,variable,yes,yes,,,
vmseq.vv,Integer element,Integer V extension,0x18,0x0,variable,variable,yes,yes,tb_vcore_alu_top,,
vmseq.vx,Integer element,Integer V extension,0x18,0x4,variable,variable,yes,yes,,,
vmsgt.vi,Integer element,Integer V extension,0x1f,0x3,variable,variable,yes,yes,,,
vmsgt.vx,Integer element,Integer V extension,0x1f,0x4,variable,variable,yes,yes,,,
vmsgtu.vi,Integer element,Integer V extension,0x1e,0x3,variable,variable,yes,yes,,,
vmsgtu.vx,Integer element,Integer V extension,0x1e,0x4,variable,variable,yes,yes,,,
vmsle.vi,Integer element,Integer V extension,0x1d,0x3,variable,variable,yes,yes,,,
vmsle.vv,Integer element,Integer V extension,0x1d,0x0,variable,variable,yes,yes,,,
vmsle.vx,Integer element,Integer V extension,0x1d,0x4,variable,variable,yes,yes,,,
vmsleu.vi,Integer element,Integer V extension,0x1c,0x3,variable,variable,yes,yes,,,
vmsleu.vv,Integer element,Integer V extension,0x1c,0x0,variable,variable,yes,yes,,,
vmsleu.vx,Integer element,Integer V extension,0x1c,0x4,variable,variable,yes,yes,,,
vmslt.vv,Integer element,Integer V extension,0x1b,0x0,variable,variable,yes,yes,,,
vmslt.vx,Integer element,Integer V extension,0x1b,0x4,variable,variable,yes,yes,,,
vmsltu.vv,Integer element,Integer V extension,0x1a,0x0,variable,variable,yes,yes,,,
vmsltu.vx,Integer element,Integer V extension,0x1a,0x4,variable,variable,yes,yes,,,
vmsne.vi,Integer element,Integer V extension,0x19,0x3,variable,variable,yes,yes,,,
vmsne.vv,Integer element,Integer V extension,0x19,0x0,variable,variable,yes,yes,,,
vmsne.vx,Integer element,Integer V extension,0x19,0x4,variable,variable,yes,yes,,,
vor.vi,Integer element,Integer V extension,0x0a,0x3,variable,variable,yes,yes,,,
vor.vv,Integer element,Integer V extension,0x0a,0x0,variable,variable,yes,yes,,,
vor.vx,Integer element,Integer V extension,0x0a,0x4,variable,variable,yes,yes,,,
vrsub.vi,Integer element,Integer V extension,0x03,0x3,variable,variable,yes,yes,,,
vrsub.vx,Integer element,Integer V extension,0x03,0x4,variable,variable,yes,yes,,,
vsll.vi,Integer element,Integer V extension,0x25,0x3,variable,variable,yes,yes,,,
vsll.vv,Integer element,Integer V extension,0x25,0x0,variable,variable,yes,yes,,,
vsll.vx,Integer element,Integer V extension,0x25,0x4,variable,variable,yes,yes,,,
vsra.vi,Integer element,Integer V extension,0x29,0x3,variable,variable,yes,yes,,,
vsra.vv,Integer element,Integer V extension,0x29,0x0,variable,variable,yes,yes,,,
vsra.vx,Integer element,Integer V extension,0x29,0x4,variable,variable,yes,yes,,,
vsrl.vi,Integer element,Integer V extension,0x28,0x3,variable,variable,yes,yes,,,
vsrl.vv,Integer element,Integer V extension,0x28,0x0,variable,variable,yes,yes,,,
vsrl.vx,Integer element,Integer V extension,0x28,0x4,variable,variable,yes,yes,,,
vsub.vv,Integer element,Integer V extension,0x02,0x0,variable,variable,yes,yes,,,
vsub.vx,Integer element,Integer V extension,0x02,0x4,variable,variable,yes,yes,,,
vxor.vi,Integer element,Integer V extension,0x0b,0x3,variable,variable,yes,yes,,,
vxor.vv,Integer element,Integer V extension,0x0b,0x0,variable,variable,yes,yes,,,
vxor.vx,Integer element,Integer V extension,0x0b,0x4,variable,variable,yes,yes,,,
vmacc.vv,Integer multiply/MAC,Integer V extension,0x2d,0x2,variable,variable,yes,yes,,,
vmacc.vx,Integer multiply/MAC,Integer V extension,0x2d,0x6,variable,variable,yes,yes,tb_vcore_alu_top,"m2, destructive vd",
vmadd.vv,Integer multiply/MAC,Integer V extension,0x29,0x2,variable,variable,yes,yes,,,
vmadd.vx,Integer multiply/MAC,Integer V extension,0x29,0x6,variable,variable,yes,yes,,,
vmul.vv,Integer multiply/MAC,Integer V extension,0x25,0x2,variable,variable,yes,yes,,,
vmul.vx,Integer multiply/MAC,Integer V extension,0x25,0x6,variable,variable,yes,yes,,,
vmulh.vv,Integer multiply/MAC,Integer V extension,0x27,0x2,variable,variable,yes,yes,,,
vmulh.vx,Integer multiply/MAC,Integer V extension,0x27,0x6,variable,variable,yes,yes,,,
vmulhsu.vv,Integer multiply/MAC,Integer V extension,0x26,0x2,variable,variable,yes,yes,,,
vmulhsu.vx,Integer multiply/MAC,Integer V extension,0x26,0x6,variable,variable,yes,yes,,,
vmulhu.vv,Integer multiply/MAC,Integer V extension,0x24,0x2,variable,variable,yes,yes,,,
vmulhu.vx,Integer multiply/MAC,Integer V extension,0x24,0x6,variable,variable,yes,yes,,,
vnmsac.vv,Integer multiply/MAC,Integer V extension,0x2f,0x2,variable,variable,yes,yes,,,
vnmsac.vx,Integer multiply/MAC,Integer V extension,0x2f,0x6,variable,variable,yes,yes,,,
vnmsub.vv,Integer multiply/MAC,Integer V extension,0x2b,0x2,variable,variable,yes,yes,,,
vnmsub.vx,Integer multiply/MAC,Integer V extension,0x2b,0x6,variable,variable,yes,yes,,,
vcpop.m,Integer/mask reduction,Integer V extension,0x10,0x2,variable,0x10,yes,yes,tb_vcore_alu_top,"masked, vl=0",
vfirst.m,Integer/mask reduction,Integer V extension,0x10,0x2,variable,0x11,yes,yes,tb_vcore_alu_top,first-set index,
vredand.vs,Integer/mask reduction,Integer V extension,0x01,0x2,variable,variable,yes,yes,,,
vredmax.vs,Integer/mask reduction,Integer V extension,0x07,0x2,variable,variable,yes,yes,,,
vredmaxu.vs,Integer/mask reduction,Integer V extension,0x06,0x2,variable,variable,yes,yes,,,
vredmin.vs,Integer/mask reduction,Integer V extension,0x05,0x2,variable,variable,yes,yes,,,
vredminu.vs,Integer/mask reduction,Integer V extension,0x04,0x2,variable,variable,yes,yes,,,
vredor.vs,Integer/mask reduction,Integer V extension,0x02,0x2,variable,variable,yes,yes,,,
vredsum.vs,Integer/mask reduction,Integer V extension,0x00,0x2,variable,variable,yes,yes,tb_vcore_alu_top,"m2/m4/m8, masked, vl=0, vstart!=0",
vredxor.vs,Integer/mask reduction,Integer V extension,0x03,0x2,variable,variable,yes,yes,,,
vwredsum.vs,Integer/mask reduction,Integer V extension,0x31,0x0,variable,variable,yes,yes,,,
vwredsumu.vs,Integer/mask reduction,Integer V extension,0x30,0x0,variable,variable,yes,yes,tb_vcore_alu_top,"m2, vl=0, vstart!=0",
vmand.mm,Mask logic,Integer V extension,0x19,0x2,1,variable,yes,yes,,,
vmandn.mm,Mask logic,Integer V extension,0x18,0x2,1,variable,yes,yes,,,
vmnand.mm,Mask logic,Integer V extension,0x1d,0x2,1,variable,yes,yes,,,
vmnor.mm,Mask logic,Integer V extension,0x1e,0x2,1,variable,yes,yes,,,
vmor.mm,Mask logic,Integer V extension,0x1a,0x2,1,variable,yes,yes,,,
vmorn.mm,Mask logic,Integer V extension,0x1c,0x2,1,variable,yes,yes,,,
vmxnor.mm,Mask logic,Integer V extension,0x1f,0x2,1,variable,yes,yes,,,
vmxor.mm,Mask logic,Integer V extension,0x1b,0x2,1,variable,yes,yes,tb_vcore_alu_top,"m2, unaligned mask registers, tail bits",
vnclip.wi,Widen/narrow/extend,Integer V extension,0x2f,0x3,variable,variable,yes,yes,tb_vcore_alu_top,"1R wide source pair, m2/mf2, overlap, vxrm, masked vxsat",
vnclip.wv,Widen/narrow/extend,Integer V extension,0x2f,0x0,variable,variable,yes,yes,tb_vcore_alu_top,"1R wide source pair, m2/mf2, overlap, vxrm, masked vxsat",
vnclip.wx,Widen/narrow/extend,Integer V extension,0x2f,0x4,variable,variable,yes,yes,tb_vcore_alu_top,"1R wide source pair, m2/mf2, overlap, vxrm, masked vxsat",
vnclipu.wi,Widen/narrow/extend,Integer V extension,0x2e,0x3,variable,variable,yes,yes,tb_vcore_alu_top,"1R wide source pair, m2/mf2, overlap, vxrm, masked vxsat",
vnclipu.wv,Widen/narrow/extend,Integer V extension,0x2e,0x0,variable,variable,yes,yes,tb_vcore_alu_top,"1R wide source pair, m2/mf2, overlap, vxrm, masked vxsat",
vnclipu.wx,Widen/narrow/extend,Integer V extension,0x2e,0x4,variable,variable,yes,yes,tb_vcore_alu_top,"1R wide source pair, m2/mf2, overlap, vxrm, masked vxsat",
vnsra.wi,Widen/narrow/extend,Integer V extension,0x2d,0x3,variable,variable,yes,yes,tb_vcore_alu_top,"1R wide source pair, m2/mf2, overlap, vxrm, masked vxsat",
vnsra.wv,Widen/narrow/extend,Integer V extension,0x2d,0x0,variable,variable,yes,yes,tb_vcore_alu_top,"1R wide source pair, m2/mf2, overlap, vxrm, masked vxsat",
vnsra.wx,Widen/narrow/extend,Integer V extension,0x2d,0x4,variable,variable,yes,yes,tb_vcore_alu_top,"1R wide source pair, m2/mf2, overlap, vxrm, masked vxsat",
vnsrl.wi,Widen/narrow/extend,Integer V extension,0x2c,0x3,variable,variable,yes,yes,tb_vcore_alu_top,"1R wide source pair, m2/mf2, overlap, vxrm, masked vxsat",
vnsrl.wv,Widen/narrow/extend,Integer V extension,0x2c,0x0,variable,variable,yes,yes,tb_vcore_alu_top,"1R wide source pair, m2/mf2, overlap, vxrm, masked vxsat",
vnsrl.wx,Widen/narrow/extend,Integer V extension,0x2c,0x4,variable,variable,yes,yes,tb_vcore_alu_top,"1R wide source pair, m2/mf2, overlap, vxrm, masked vxsat",
vsext.vf2,Widen/narrow/extend,Integer V extension,0x12,0x2,variable,7,yes,yes,tb_vcore_alu_top,signed halfword lanes; fractional overlap rejection,
vsext.vf4,Widen/narrow/extend,Integer V extension,0x12,0x2,variable,5,yes,yes,tb_vcore_alu_top,"m4, signed byte lanes",
vsext.vf8,Widen/narrow/extend,Integer V extension,0x12,0x2,variable,3,yes,yes,tb_vcore_alu_top,signed byte lanes at SEW=64,
vwadd.vv,Widen/narrow/extend,Integer V extension,0x31,0x2,variable,variable,yes,yes,tb_vcore_alu_top,"m1 all lanes, OP-MVV/OP-MVX sweep",
vwadd.vx,Widen/narrow/extend,Integer V extension,0x31,0x6,variable,variable,yes,yes,tb_vcore_alu_top,signed scalar widened; negative lanes,
vwadd.wv,Widen/narrow/extend,Integer V extension,0x35,0x2,variable,variable,yes,yes,tb_vcore_alu_top,"m1 all lanes, OP-MVV/OP-MVX sweep",
vwadd.wx,Widen/narrow/extend,Integer V extension,0x35,0x6,variable,variable,yes,yes,tb_vcore_alu_top,"m1 all lanes, OP-MVV/OP-MVX sweep",
vwaddu.vv,Widen/narrow/extend,Integer V extension,0x30,0x2,variable,variable,yes,yes,tb_vcore_alu_top,"m2 source, m4 destination",
vwaddu.vx,Widen/narrow/extend,Integer V extension,0x30,0x6,variable,variable,yes,yes,tb_vcore_alu_top,"m1 all lanes, OP-MVV/OP-MVX sweep",
vwaddu.wv,Widen/narrow/extend,Integer V extension,0x34,0x2,variable,variable,yes,yes,tb_vcore_alu_top,"m1 all lanes, OP-MVV/OP-MVX sweep",
vwaddu.wx,Widen/narrow/extend,Integer V extension,0x34,0x6,variable,variable,yes,yes,tb_vcore_alu_top,"m1 all lanes, OP-MVV/OP-MVX sweep",
vwmacc.vv,Widen/narrow/extend,Integer V extension,0x3d,0x2,variable,variable,yes,yes,tb_vcore_alu_top,m1 all lanes; signed/unsigned corners; MAC old vd,
vwmacc.vx,Widen/narrow/extend,Integer V extension,0x3d,0x6,variable,variable,yes,yes,tb_vcore_alu_top,m1 all lanes; signed/unsigned corners; MAC old vd,
vwmaccsu.vv,Widen/narrow/extend,Integer V extension,0x3f,0x2,variable,variable,yes,yes,tb_vcore_alu_top,m1 all lanes; signed/unsigned corners; MAC old vd,
vwmaccsu.vx,Widen/narrow/extend,Integer V extension,0x3f,0x6,variable,variable,yes,yes,tb_vcore_alu_top,m1 all lanes; signed/unsigned corners; MAC old vd,
vwmaccu.vv,Widen/narrow/extend,Integer V extension,0x3c,0x2,variable,variable,yes,yes,tb_vcore_alu_top,m1 all lanes; signed/unsigned corners; MAC old vd,
vwmaccu.vx,Widen/narrow/extend,Integer V extension,0x3c,0x6,variable,variable,yes,yes,tb_vcore_alu_top,m1 all lanes; signed/unsigned corners; MAC old vd,
vwmaccus.vx,Widen/narrow/extend,Integer V extension,0x3e,0x6,variable,variable,yes,yes,tb_vcore_alu_top,m1 all lanes; signed/unsigned corners; MAC old vd,
vwmul.vv,Widen/narrow/extend,Integer V extension,0x3b,0x2,variable,variable,yes,yes,tb_vcore_alu_top,m1 all lanes; signed/unsigned corners; MAC old vd,
vwmul.vx,Widen/narrow/extend,Integer V extension,0x3b,0x6,variable,variable,yes,yes,tb_vcore_alu_top,m1 all lanes; signed/unsigned corners; MAC old vd,
vwmulsu.vv,Widen/narrow/extend,Integer V extension,0x3a,0x2,variable,variable,yes,yes,tb_vcore_alu_top,m1 all lanes; signed/unsigned corners; MAC old vd,
vwmulsu.vx,Widen/narrow/extend,Integer V extension,0x3a,0x6,variable,variable,yes,yes,tb_vcore_alu_top,m1 all lanes; signed/unsigned corners; MAC old vd,
vwmulu.vv,Widen/narrow/extend,Integer V extension,0x38,0x2,variable,variable,yes,yes,tb_vcore_alu_top,m1 all lanes; signed/unsigned corners; MAC old vd,
vwmulu.vx,Widen/narrow/extend,Integer V extension,0x38,0x6,variable,variable,yes,yes,tb_vcore_alu_top,m1 all lanes; signed/unsigned corners; MAC old vd,
vwsub.vv,Widen/narrow/extend,Integer V extension,0x33,0x2,variable,variable,yes,yes,tb_vcore_alu_top,"m1 all lanes, OP-MVV/OP-MVX sweep",
vwsub.vx,Widen/narrow/extend,Integer V extension,0x33,0x6,variable,variable,yes,yes,tb_vcore_alu_top,"m1 all lanes, OP-MVV/OP-MVX sweep",
vwsub.wv,Widen/narrow/extend,Integer V extension,0x37,0x2,variable,variable,yes,yes,tb_vcore_alu_top,"wide vs2, narrow vs1; destructive vd",
vwsub.wx,Widen/narrow/extend,Integer V extension,0x37,0x6,variable,variable,yes,yes,tb_vcore_alu_top,"m1 all lanes, OP-MVV/OP-MVX sweep",
vwsubu.vv,Widen/narrow/extend,Integer V extension,0x32,0x2,variable,variable,yes,yes,tb_vcore_alu_top,"m1 all lanes, OP-MVV/OP-MVX sweep",
vwsubu.vx,Widen/narrow/extend,Integer V extension,0x32,0x6,variable,variable,yes,yes,tb_vcore_alu_top,"m1 all lanes, OP-MVV/OP-MVX sweep",
vwsubu.wv,Widen/narrow/extend,Integer V extension,0x36,0x2,variable,variable,yes,yes,tb_vcore_alu_top,"m1 all lanes, OP-MVV/OP-MVX sweep",
vwsubu.wx,Widen/narrow/extend,Integer V extension,0x36,0x6,variable,variable,yes,yes,tb_vcore_alu_top,"m1 all lanes, OP-MVV/OP-MVX sweep",
vzext.vf2,Widen/narrow/extend,Integer V extension,0x12,0x2,variable,6,yes,yes,tb_vcore_alu_top,"m2, shared source register across beats",
vzext.vf4,Widen/narrow/extend,Integer V extension,0x12,0x2,variable,4,yes,yes,tb_vcore_alu_top,byte zero extension,
vzext.vf8,Widen/narrow/extend,Integer V extension,0x12,0x2,variable,2,yes,yes,tb_vcore_alu_top,"m8, source EMUL=1; overlap boundary",
